,name1,content1,author1,uri1,Object1
0,couldn't figure out why my music kept pausing,,drewtheblueduck,https://reddit.com/r/aww/comments/11sypbq/couldnt_figure_out_why_my_music_kept_pausing/,"Name: couldn't figure out why my music kept pausing, Content: , Author: drewtheblueduck, Uri: https://reddit.com/r/aww/comments/11sypbq/couldnt_figure_out_why_my_music_kept_pausing/"
1,"I made a song entirely of artists singing ""yeah""",,dustin1776,https://reddit.com/r/funny/comments/11svz0o/i_made_a_song_entirely_of_artists_singing_yeah/,"Name: I made a song entirely of artists singing ""yeah"", Content: , Author: dustin1776, Uri: https://reddit.com/r/funny/comments/11svz0o/i_made_a_song_entirely_of_artists_singing_yeah/"
2,"Video from the Americans. Russian Su-27 and American MQ9 Reaper reconnaissance drone over the Black Sea, March 2023.",,Revi_____,https://reddit.com/r/CombatFootage/comments/11spmoq/video_from_the_americans_russian_su27_and/,"Name: Video from the Americans. Russian Su-27 and American MQ9 Reaper reconnaissance drone over the Black Sea, March 2023., Content: , Author: Revi_____, Uri: https://reddit.com/r/CombatFootage/comments/11spmoq/video_from_the_americans_russian_su27_and/"
3,Churches are a cult,,DaFunkJunkie,https://reddit.com/r/WhitePeopleTwitter/comments/11ss5fy/churches_are_a_cult/,"Name: Churches are a cult, Content: , Author: DaFunkJunkie, Uri: https://reddit.com/r/WhitePeopleTwitter/comments/11ss5fy/churches_are_a_cult/"
4,"Sam Bankman-Fried transferred $2.2bn in FTX customer funds for personal use, filings show",,cata890,https://reddit.com/r/news/comments/11sw2ry/sam_bankmanfried_transferred_22bn_in_ftx_customer/,"Name: Sam Bankman-Fried transferred $2.2bn in FTX customer funds for personal use, filings show, Content: , Author: cata890, Uri: https://reddit.com/r/news/comments/11sw2ry/sam_bankmanfried_transferred_22bn_in_ftx_customer/"
5,"Hidden gaming reference on the metro in Stockholm, Sweden",,PUSClFER,https://reddit.com/r/gaming/comments/11svpao/hidden_gaming_reference_on_the_metro_in_stockholm/,"Name: Hidden gaming reference on the metro in Stockholm, Sweden, Content: , Author: PUSClFER, Uri: https://reddit.com/r/gaming/comments/11svpao/hidden_gaming_reference_on_the_metro_in_stockholm/"
6,tHe NaZiS wErE sOcIaLiSt,,Terrible_Cut_3336,https://reddit.com/r/clevercomebacks/comments/11sqrkc/the_nazis_were_socialist/,"Name: tHe NaZiS wErE sOcIaLiSt, Content: , Author: Terrible_Cut_3336, Uri: https://reddit.com/r/clevercomebacks/comments/11sqrkc/the_nazis_were_socialist/"
7,“We should be helping our own” say people who have who have never helped anyone.,,SlipperyThong,https://reddit.com/r/PoliticalHumor/comments/11sv17t/we_should_be_helping_our_own_say_people_who_have/,"Name: “We should be helping our own” say people who have who have never helped anyone., Content: , Author: SlipperyThong, Uri: https://reddit.com/r/PoliticalHumor/comments/11sv17t/we_should_be_helping_our_own_say_people_who_have/"
8,Church that promotes killing LGBTQ+ people now complaining about acts of violence against church,,3mta3jvq,https://reddit.com/r/LeopardsAteMyFace/comments/11sv6g7/church_that_promotes_killing_lgbtq_people_now/,"Name: Church that promotes killing LGBTQ+ people now complaining about acts of violence against church, Content: , Author: 3mta3jvq, Uri: https://reddit.com/r/LeopardsAteMyFace/comments/11sv6g7/church_that_promotes_killing_lgbtq_people_now/"
9,People who eat pizza with knife and fork why?,,Ok-Treacle-9312,https://reddit.com/r/AskReddit/comments/11su55s/people_who_eat_pizza_with_knife_and_fork_why/,"Name: People who eat pizza with knife and fork why?, Content: , Author: Ok-Treacle-9312, Uri: https://reddit.com/r/AskReddit/comments/11su55s/people_who_eat_pizza_with_knife_and_fork_why/"
10,This dude found a thirsty wolf in the desert,,Khaledbeh,https://reddit.com/r/interestingasfuck/comments/11sokvh/this_dude_found_a_thirsty_wolf_in_the_desert/,"Name: This dude found a thirsty wolf in the desert, Content: , Author: Khaledbeh, Uri: https://reddit.com/r/interestingasfuck/comments/11sokvh/this_dude_found_a_thirsty_wolf_in_the_desert/"
11,US military releases video from Russian fighter jet crash with drone,,GeoPoliticsMyThang11,https://reddit.com/r/worldnews/comments/11spx23/us_military_releases_video_from_russian_fighter/,"Name: US military releases video from Russian fighter jet crash with drone, Content: , Author: GeoPoliticsMyThang11, Uri: https://reddit.com/r/worldnews/comments/11spx23/us_military_releases_video_from_russian_fighter/"
12,First class for the heroes,,787v,https://reddit.com/r/MadeMeSmile/comments/11sud5t/first_class_for_the_heroes/,"Name: First class for the heroes, Content: , Author: 787v, Uri: https://reddit.com/r/MadeMeSmile/comments/11sud5t/first_class_for_the_heroes/"
13,I know what I'm playing in my next campaign,,Professional-Hat-687,https://reddit.com/r/dndmemes/comments/11svwai/i_know_what_im_playing_in_my_next_campaign/,"Name: I know what I'm playing in my next campaign, Content: , Author: Professional-Hat-687, Uri: https://reddit.com/r/dndmemes/comments/11svwai/i_know_what_im_playing_in_my_next_campaign/"
14,"Why the GOP is obsessed with ""woke"" — but can't define it: MAGA can't explain what ""woke"" is, but that's the point — it's a ""choose your own bigotry"" term for Republicans",,semaphore-1842,https://reddit.com/r/politics/comments/11sr4oe/why_the_gop_is_obsessed_with_woke_but_cant_define/,"Name: Why the GOP is obsessed with ""woke"" — but can't define it: MAGA can't explain what ""woke"" is, but that's the point — it's a ""choose your own bigotry"" term for Republicans, Content: , Author: semaphore-1842, Uri: https://reddit.com/r/politics/comments/11sr4oe/why_the_gop_is_obsessed_with_woke_but_cant_define/"
15,no words,,HarveyBirdmann,https://reddit.com/r/antiwork/comments/11ssdyz/no_words/,"Name: no words, Content: , Author: HarveyBirdmann, Uri: https://reddit.com/r/antiwork/comments/11ssdyz/no_words/"
16,One Piece: Chapter 1078,"##**Chapter 1078: ""Escape Limit""**

Source | Status
:-----|:-----|:-----
[Official Release](https://mangaplus.shueisha.co.jp/titles/100020) | [](/cross) OFFLINE
**TCBscans website** (No link.)| [](/tick) ONLINE
[TCB Discord](https://discord.gg/tcbscans) | [](/tick) ONLINE
[/r/OnePiece Discord](https://discord.gg/onepiece) | [](/tick) ONLINE

---

[Ch. 1078 Official Release (Mangaplus)](https://mangaplus.shueisha.co.jp/titles/100020): 19/03/2023

Ch. 1079 Scan Release: ~23/03/2023

---

## Please discuss the manga here and in the theory/discussion post. Any other post will be removed until 24h after the release.

## Please also remember to put the chapter number in the title for any future post talking about this chapter.

## Please remember to only use vague titles until the official release drops!!!!",Kirosh2,https://reddit.com/r/OnePiece/comments/11so4il/one_piece_chapter_1078/,"Name: One Piece: Chapter 1078, Content: ##**Chapter 1078: ""Escape Limit""**

Source | Status
:-----|:-----|:-----
[Official Release](https://mangaplus.shueisha.co.jp/titles/100020) | [](/cross) OFFLINE
**TCBscans website** (No link.)| [](/tick) ONLINE
[TCB Discord](https://discord.gg/tcbscans) | [](/tick) ONLINE
[/r/OnePiece Discord](https://discord.gg/onepiece) | [](/tick) ONLINE

---

[Ch. 1078 Official Release (Mangaplus)](https://mangaplus.shueisha.co.jp/titles/100020): 19/03/2023

Ch. 1079 Scan Release: ~23/03/2023

---

## Please discuss the manga here and in the theory/discussion post. Any other post will be removed until 24h after the release.

## Please also remember to put the chapter number in the title for any future post talking about this chapter.

## Please remember to only use vague titles until the official release drops!!!!, Author: Kirosh2, Uri: https://reddit.com/r/OnePiece/comments/11so4il/one_piece_chapter_1078/"
17,"Study: U.S. Veterans Reported ""Positive Outcomes for Pain, Sleep, and Emotional Problems Because of Cannabis""",,Defiant_Race_7544,https://reddit.com/r/science/comments/11ssx2h/study_us_veterans_reported_positive_outcomes_for/,"Name: Study: U.S. Veterans Reported ""Positive Outcomes for Pain, Sleep, and Emotional Problems Because of Cannabis"", Content: , Author: Defiant_Race_7544, Uri: https://reddit.com/r/science/comments/11ssx2h/study_us_veterans_reported_positive_outcomes_for/"
18,Himba woman from Namibia.,,hitlesscuddy,https://reddit.com/r/Damnthatsinteresting/comments/11smv2c/himba_woman_from_namibia/,"Name: Himba woman from Namibia., Content: , Author: hitlesscuddy, Uri: https://reddit.com/r/Damnthatsinteresting/comments/11smv2c/himba_woman_from_namibia/"
19,Truly the best time to be a cs student,,Lorenium,https://reddit.com/r/ProgrammerHumor/comments/11sr08r/truly_the_best_time_to_be_a_cs_student/,"Name: Truly the best time to be a cs student, Content: , Author: Lorenium, Uri: https://reddit.com/r/ProgrammerHumor/comments/11sr08r/truly_the_best_time_to_be_a_cs_student/"
20,that mf killing it tho,,kevinowdziej,https://reddit.com/r/KidsAreFuckingStupid/comments/11srlow/that_mf_killing_it_tho/,"Name: that mf killing it tho, Content: , Author: kevinowdziej, Uri: https://reddit.com/r/KidsAreFuckingStupid/comments/11srlow/that_mf_killing_it_tho/"
21,"Most American women swoon over men's accents from other countries, Do women from other countries find American accents just as sexy?",,WarningImBroken,https://reddit.com/r/NoStupidQuestions/comments/11spdl6/most_american_women_swoon_over_mens_accents_from/,"Name: Most American women swoon over men's accents from other countries, Do women from other countries find American accents just as sexy?, Content: , Author: WarningImBroken, Uri: https://reddit.com/r/NoStupidQuestions/comments/11spdl6/most_american_women_swoon_over_mens_accents_from/"
22,"Binnington throws a blocker blow to Hartman's head after letting in the 5th goal of the game, Fleury tries to join in on the fun. Binnington was assessed a 5 minute match penalty",,icetilt,https://reddit.com/r/hockey/comments/11siqd9/binnington_throws_a_blocker_blow_to_hartmans_head/,"Name: Binnington throws a blocker blow to Hartman's head after letting in the 5th goal of the game, Fleury tries to join in on the fun. Binnington was assessed a 5 minute match penalty, Content: , Author: icetilt, Uri: https://reddit.com/r/hockey/comments/11siqd9/binnington_throws_a_blocker_blow_to_hartmans_head/"
23,"Cara Dune, Marshal of the new Republic",,BrickPanda82,https://reddit.com/r/StarWars/comments/11st0ni/cara_dune_marshal_of_the_new_republic/,"Name: Cara Dune, Marshal of the new Republic, Content: , Author: BrickPanda82, Uri: https://reddit.com/r/StarWars/comments/11st0ni/cara_dune_marshal_of_the_new_republic/"
24,George Washington died in 1799 after doctors drained nearly 40% of his blood in an attempt to cure a sore throat. Also this photo gives us an idea of what he might look like if he lived today.,,joeepeterson03,https://reddit.com/r/Damnthatsinteresting/comments/11sx24x/george_washington_died_in_1799_after_doctors/,"Name: George Washington died in 1799 after doctors drained nearly 40% of his blood in an attempt to cure a sore throat. Also this photo gives us an idea of what he might look like if he lived today., Content: , Author: joeepeterson03, Uri: https://reddit.com/r/Damnthatsinteresting/comments/11sx24x/george_washington_died_in_1799_after_doctors/"
25,"UA POV: Video from the Americans. Russian Su-27 and American MQ9 Reaper reconnaissance drone over the Black Sea, March 2023.",,yitcity,https://reddit.com/r/UkraineRussiaReport/comments/11spzg9/ua_pov_video_from_the_americans_russian_su27_and/,"Name: UA POV: Video from the Americans. Russian Su-27 and American MQ9 Reaper reconnaissance drone over the Black Sea, March 2023., Content: , Author: yitcity, Uri: https://reddit.com/r/UkraineRussiaReport/comments/11spzg9/ua_pov_video_from_the_americans_russian_su27_and/"
26,The ventriloquists transition,,Elluminated,https://reddit.com/r/nextfuckinglevel/comments/11sqobf/the_ventriloquists_transition/,"Name: The ventriloquists transition, Content: , Author: Elluminated, Uri: https://reddit.com/r/nextfuckinglevel/comments/11sqobf/the_ventriloquists_transition/"
27,"Steam is very good, but I do wish for more effort in the competition.",,Tuesdays_for_Cheese,https://reddit.com/r/pcmasterrace/comments/11sn90t/steam_is_very_good_but_i_do_wish_for_more_effort/,"Name: Steam is very good, but I do wish for more effort in the competition., Content: , Author: Tuesdays_for_Cheese, Uri: https://reddit.com/r/pcmasterrace/comments/11sn90t/steam_is_very_good_but_i_do_wish_for_more_effort/"
28,I got Hacked and lost over 300K Today,"This is my first post and my most sad one to date. There of my wallets got hacked totaling over 300k.

I'm a ***complete moron*** for storing passwords and seed phrases for these accounts in Evernote here.

Metamask - 0x023D8a816A8b6394f3144fD74aA3820689fEcaA0

Rocketpool Node - 0xa24757BC32579541F33B1bCD2E36355D39B1686a \[withdrawl address was changed\]

Deadalus - addr1q9h9ul8puyl3pa7yuwur72jj4rtk675zrqajgk5ppw209r567tjydwsrrnwhxlktacnusp0af8w6l645u0fyps6swg9skrqlgl

I'm a big fan of MOONs and had over 80k. I can see the hacker swapped all my Metamask assets into ETH where they are currently stored at this address - 0xe147a73e7d783166f791f10342a0122db80814c4

I'm absolutely devastated and not sure what to do.

Should I contact the FBI?

It appears the hacker could be from Germany based on the Evernote access logs. I could be wrong and both logins could be from a VPN.

[Germany login](https://preview.redd.it/zmzv95f991oa1.png?width=914&format=png&auto=webp&v=enabled&s=6b4556d3856c2c8c2a70533abc6e3c036ba0d601)

[Wyoming login?](https://preview.redd.it/jh04z6ib91oa1.png?width=904&format=png&auto=webp&v=enabled&s=3e86f5e574ecb04edfed8f91ead5fd6b37d01e57)

My biggest loss is the Rocketpool Node. I may have the first compromised node? He changed the withdrawl address to - 0x8294b95d303949699167f7579c9da49f6359d4ff. I can do nothing while he collects rewards. I believe I have some time here since nothing can be physcially withdrawn until the Shanghai Upgrade.

Lastly the Deadalus account had maybe 8k in ADA where it currently hits in the Hackers address here - addr1q8lee9tt64w6uwj9xwne2hnca8x8e2vg87prhl43uqdhdgk232uaxahskg735wxx28xwrhjj97fhphnyz3ppn3fjpygsywcdlv

Thanks again and I deserve all the shame headed my way!

&#x200B;

**UPDATE 1 -** Thanks for the love and support. I biggest concern is the Rocketpool Node which has about 250k staked. I can't change the the withdrawl address but looking at other options since the hacker can't withdraw until Shanghai upgrade",jbtravel84,https://reddit.com/r/CryptoCurrency/comments/11sksgs/i_got_hacked_and_lost_over_300k_today/,"Name: I got Hacked and lost over 300K Today, Content: This is my first post and my most sad one to date. There of my wallets got hacked totaling over 300k.

I'm a ***complete moron*** for storing passwords and seed phrases for these accounts in Evernote here.

Metamask - 0x023D8a816A8b6394f3144fD74aA3820689fEcaA0

Rocketpool Node - 0xa24757BC32579541F33B1bCD2E36355D39B1686a \[withdrawl address was changed\]

Deadalus - addr1q9h9ul8puyl3pa7yuwur72jj4rtk675zrqajgk5ppw209r567tjydwsrrnwhxlktacnusp0af8w6l645u0fyps6swg9skrqlgl

I'm a big fan of MOONs and had over 80k. I can see the hacker swapped all my Metamask assets into ETH where they are currently stored at this address - 0xe147a73e7d783166f791f10342a0122db80814c4

I'm absolutely devastated and not sure what to do.

Should I contact the FBI?

It appears the hacker could be from Germany based on the Evernote access logs. I could be wrong and both logins could be from a VPN.

[Germany login](https://preview.redd.it/zmzv95f991oa1.png?width=914&format=png&auto=webp&v=enabled&s=6b4556d3856c2c8c2a70533abc6e3c036ba0d601)

[Wyoming login?](https://preview.redd.it/jh04z6ib91oa1.png?width=904&format=png&auto=webp&v=enabled&s=3e86f5e574ecb04edfed8f91ead5fd6b37d01e57)

My biggest loss is the Rocketpool Node. I may have the first compromised node? He changed the withdrawl address to - 0x8294b95d303949699167f7579c9da49f6359d4ff. I can do nothing while he collects rewards. I believe I have some time here since nothing can be physcially withdrawn until the Shanghai Upgrade.

Lastly the Deadalus account had maybe 8k in ADA where it currently hits in the Hackers address here - addr1q8lee9tt64w6uwj9xwne2hnca8x8e2vg87prhl43uqdhdgk232uaxahskg735wxx28xwrhjj97fhphnyz3ppn3fjpygsywcdlv

Thanks again and I deserve all the shame headed my way!

&#x200B;

**UPDATE 1 -** Thanks for the love and support. I biggest concern is the Rocketpool Node which has about 250k staked. I can't change the the withdrawl address but looking at other options since the hacker can't withdraw until Shanghai upgrade, Author: jbtravel84, Uri: https://reddit.com/r/CryptoCurrency/comments/11sksgs/i_got_hacked_and_lost_over_300k_today/"
29,Pro-lifers are hypocrities,,mezmerized__,https://reddit.com/r/facepalm/comments/11smkk4/prolifers_are_hypocrities/,"Name: Pro-lifers are hypocrities, Content: , Author: mezmerized__, Uri: https://reddit.com/r/facepalm/comments/11smkk4/prolifers_are_hypocrities/"
30,LG seems to think it's acceptable for a $1750 TV to last less than 4 years,,Debocore,https://reddit.com/r/australia/comments/11sgiwb/lg_seems_to_think_its_acceptable_for_a_1750_tv_to/,"Name: LG seems to think it's acceptable for a $1750 TV to last less than 4 years, Content: , Author: Debocore, Uri: https://reddit.com/r/australia/comments/11sgiwb/lg_seems_to_think_its_acceptable_for_a_1750_tv_to/"
31,[Game Thread] The Price is Right (11 AM ET),TV: CBS,KatKat23421,https://reddit.com/r/CollegeBasketball/comments/11suzex/game_thread_the_price_is_right_11_am_et/,"Name: [Game Thread] The Price is Right (11 AM ET), Content: TV: CBS, Author: KatKat23421, Uri: https://reddit.com/r/CollegeBasketball/comments/11suzex/game_thread_the_price_is_right_11_am_et/"
32,"An aerial view on Tulip fields, Netherlands.",,VAMSI_BEUNO,https://reddit.com/r/BeAmazed/comments/11srjev/an_aerial_view_on_tulip_fields_netherlands/,"Name: An aerial view on Tulip fields, Netherlands., Content: , Author: VAMSI_BEUNO, Uri: https://reddit.com/r/BeAmazed/comments/11srjev/an_aerial_view_on_tulip_fields_netherlands/"
33,The moment the Russian SU-27 fighter jet collided with the US MQ-9 drone,,Algrinder,https://reddit.com/r/interestingasfuck/comments/11sq2f0/the_moment_the_russian_su27_fighter_jet_collided/,"Name: The moment the Russian SU-27 fighter jet collided with the US MQ-9 drone, Content: , Author: Algrinder, Uri: https://reddit.com/r/interestingasfuck/comments/11sq2f0/the_moment_the_russian_su27_fighter_jet_collided/"
34,Do you want to see what God did to me today,"No people, pets or cars were injured",Cheeky_Guy,https://reddit.com/r/Wellthatsucks/comments/11sgjfj/do_you_want_to_see_what_god_did_to_me_today/,"Name: Do you want to see what God did to me today, Content: No people, pets or cars were injured, Author: Cheeky_Guy, Uri: https://reddit.com/r/Wellthatsucks/comments/11sgjfj/do_you_want_to_see_what_god_did_to_me_today/"
35,"Oh, hell yeah",,kevinowdziej,https://reddit.com/r/NonPoliticalTwitter/comments/11srsty/oh_hell_yeah/,"Name: Oh, hell yeah, Content: , Author: kevinowdziej, Uri: https://reddit.com/r/NonPoliticalTwitter/comments/11srsty/oh_hell_yeah/"
36,Hinkin aboot,,stereoworld,https://reddit.com/r/ScottishPeopleTwitter/comments/11srsmv/hinkin_aboot/,"Name: Hinkin aboot, Content: , Author: stereoworld, Uri: https://reddit.com/r/ScottishPeopleTwitter/comments/11srsmv/hinkin_aboot/"
37,Gotta love those social skills,,Expensive_Royal_2319,https://reddit.com/r/rareinsults/comments/11stw9u/gotta_love_those_social_skills/,"Name: Gotta love those social skills, Content: , Author: Expensive_Royal_2319, Uri: https://reddit.com/r/rareinsults/comments/11stw9u/gotta_love_those_social_skills/"
38,A quick google search would have saved her from this embarrassment,,kinsheii,https://reddit.com/r/confidentlyincorrect/comments/11soff4/a_quick_google_search_would_have_saved_her_from/,"Name: A quick google search would have saved her from this embarrassment, Content: , Author: kinsheii, Uri: https://reddit.com/r/confidentlyincorrect/comments/11soff4/a_quick_google_search_would_have_saved_her_from/"
39,Man charged with indecent exposure,,Juubimaru,https://reddit.com/r/Unexpected/comments/11sk6is/man_charged_with_indecent_exposure/,"Name: Man charged with indecent exposure, Content: , Author: Juubimaru, Uri: https://reddit.com/r/Unexpected/comments/11sk6is/man_charged_with_indecent_exposure/"
40,Where my tried and true introverts at,,PMmeurdixout4harambe,https://reddit.com/r/BlackPeopleTwitter/comments/11sryen/where_my_tried_and_true_introverts_at/,"Name: Where my tried and true introverts at, Content: , Author: PMmeurdixout4harambe, Uri: https://reddit.com/r/BlackPeopleTwitter/comments/11sryen/where_my_tried_and_true_introverts_at/"
41,Fire in Ryanair plane after take off,,ImYourRealDadHey,https://reddit.com/r/PublicFreakout/comments/11sto0x/fire_in_ryanair_plane_after_take_off/,"Name: Fire in Ryanair plane after take off, Content: , Author: ImYourRealDadHey, Uri: https://reddit.com/r/PublicFreakout/comments/11sto0x/fire_in_ryanair_plane_after_take_off/"
42,It’s Mindblowing How Unappreciated this Trilogy is,,xiosy,https://reddit.com/r/gaming/comments/11suwud/its_mindblowing_how_unappreciated_this_trilogy_is/,"Name: It’s Mindblowing How Unappreciated this Trilogy is, Content: , Author: xiosy, Uri: https://reddit.com/r/gaming/comments/11suwud/its_mindblowing_how_unappreciated_this_trilogy_is/"
43,meirl,,Sharmisthaaaa,https://reddit.com/r/meirl/comments/11stgvt/meirl/,"Name: meirl, Content: , Author: Sharmisthaaaa, Uri: https://reddit.com/r/meirl/comments/11stgvt/meirl/"
44,No one wants you to eat the bugs starterpack,,thechocobarissalty,https://reddit.com/r/starterpacks/comments/11smi76/no_one_wants_you_to_eat_the_bugs_starterpack/,"Name: No one wants you to eat the bugs starterpack, Content: , Author: thechocobarissalty, Uri: https://reddit.com/r/starterpacks/comments/11smi76/no_one_wants_you_to_eat_the_bugs_starterpack/"
45,"u/thatguywithglasses97 explains why, contrary to common claims, Fascism & Communism aren't the same.",,CarlMarkos,https://reddit.com/r/bestof/comments/11sjgg2/uthatguywithglasses97_explains_why_contrary_to/,"Name: u/thatguywithglasses97 explains why, contrary to common claims, Fascism & Communism aren't the same., Content: , Author: CarlMarkos, Uri: https://reddit.com/r/bestof/comments/11sjgg2/uthatguywithglasses97_explains_why_contrary_to/"
46,Gravestone that looks like a maze,,cguiopmnrew,https://reddit.com/r/mildlyinteresting/comments/11si9ul/gravestone_that_looks_like_a_maze/,"Name: Gravestone that looks like a maze, Content: , Author: cguiopmnrew, Uri: https://reddit.com/r/mildlyinteresting/comments/11si9ul/gravestone_that_looks_like_a_maze/"
47,USAF released footage of MiG running into MQ-9 Reaper,,Falcon900EX,https://reddit.com/r/aviation/comments/11spu8q/usaf_released_footage_of_mig_running_into_mq9/,"Name: USAF released footage of MiG running into MQ-9 Reaper, Content: , Author: Falcon900EX, Uri: https://reddit.com/r/aviation/comments/11spu8q/usaf_released_footage_of_mig_running_into_mq9/"
